<!DOCTYPE hibernate-mapping PUBLIC "-//Hibernate/Hibernate Mapping DTD 3.0//EN"
    "http://hibernate.sourceforge.net/hibernate-mapping-3.0.dtd">

<hibernate-mapping package="com.example">

    <class name="Person" table="person">
        <id name="id" column="person_id">
            <generator class="native" />
        </id>
        <property name="name" />

        <!-- Mapping for List -->
        <list name="addressesList" table="person_address_list" inverse="true">
            <key column="person_id" />
            <index column="list_index" />
            <one-to-many class="Address" />
        </list>

        <!-- Mapping for Set -->
        <set name="addressesSet" table="person_address_set" inverse="true">
            <key column="person_id" />
            <one-to-many class="Address" />
        </set>

        <!-- Mapping for Map -->
        <map name="addressesMap" table="person_address_map" inverse="true">
            <key column="person_id" />
            <map-key column="address_type" />
            <one-to-many class="Address" />
        </map>
    </class>

</hibernate-mapping>
