<?xml version="1.0" encoding="UTF-8"?>
<beans xmlns = "http://www.springframework.org/schema/beans"
   xmlns:xsi = "http://www.w3.org/2001/XMLSchema-instance"
   xsi:schemaLocation = "http://www.springframework.org/schema/beans
   http://www.springframework.org/schema/beans/spring-beans-3.0.xsd">

<bean id="id" class="com.example.Student"></bean>

<bean id="dao" class="com.example.StudentDAO">
<property name="temp" ref="jdbctemp"></property>
</bean>

<bean id="jdbctemp" class="org.springframework.jdbc.core.JdbcTemplate">
<property name="dataSource" ref="ds"></property>
</bean>
   
<bean id="ds" class="org.springframework.jdbc.datasource.DriverManagerDataSource">
<property name="driverClassName" value="com.mysql.jdbc.Driver"></property>
<property name="url" value="jdbc:mysql://localhost:3306/phase3"></property>
<property name="username" value="root"></property>
<property name="password" value="Gopi@123"></property>
</bean>   
   
   
</beans>
