{
  "hash": "d4b5a95e",
  "browserHash": "ac4b5c85",
  "optimized": {
    "@angular/common": {
      "src": "../../../../../node_modules/@angular/common/fesm2022/common.mjs",
      "file": "@angular_common.js",
      "fileHash": "b410567a",
      "needsInterop": false
    },
    "@angular/common/http": {
      "src": "../../../../../node_modules/@angular/common/fesm2022/http.mjs",
      "file": "@angular_common_http.js",
      "fileHash": "7d278458",
      "needsInterop": false
    },
    "@angular/core": {
      "src": "../../../../../node_modules/@angular/core/fesm2022/core.mjs",
      "file": "@angular_core.js",
      "fileHash": "640294c1",
      "needsInterop": false
    },
    "@angular/forms": {
      "src": "../../../../../node_modules/@angular/forms/fesm2022/forms.mjs",
      "file": "@angular_forms.js",
      "fileHash": "01a68f05",
      "needsInterop": false
    },
    "@angular/platform-browser": {
      "src": "../../../../../node_modules/@angular/platform-browser/fesm2022/platform-browser.mjs",
      "file": "@angular_platform-browser.js",
      "fileHash": "c473a408",
      "needsInterop": false
    },
    "@angular/router": {
      "src": "../../../../../node_modules/@angular/router/fesm2022/router.mjs",
      "file": "@angular_router.js",
      "fileHash": "d96e7130",
      "needsInterop": false
    }
  },
  "chunks": {
    "chunk-RVJY6LI4": {
      "file": "chunk-RVJY6LI4.js"
    },
    "chunk-CRCQPSCX": {
      "file": "chunk-CRCQPSCX.js"
    },
    "chunk-KGEAT5EH": {
      "file": "chunk-KGEAT5EH.js"
    },
    "chunk-THWPMT2E": {
      "file": "chunk-THWPMT2E.js"
    }
  }
}